Employee ID,Name,Store,Contracted Hours,Worked Hours,Overtime Hours,Sick Hours,Holiday Hours,Hourly Rate,Bonus
00101,Seán Ó Briain,Dublin - Grafton St,160,160,0,0,8,15.80,0
00102,Aoife Murphy,Dublin - Grafton St,160,172,12,0,0,15.80,50
00103,Siobhán Kelly,Dublin - Grafton St,120,120,0,0,0,14.50,0
00104,Ciarán Walsh,Cork - Patrick St,160,214,54,0,0,16.20,0
00105,Niamh Byrne,Cork - Patrick St,160,160,0,-8,0,15.10,0
00106,Eoin Doyle,Cork - Patrick St,80,80,0,0,0,,0
00107,Gráinne Ryan,Galway - Shop St,100,100,0,0,16,13.20,0
00102,Aoife Murphy,Galway - Shop St,40,40,0,0,0,15.80,0
00109,Pádraig Nolan,Galway - Shop St,160,185,0,0,0,15.50,0
00110,Róisín Brennan,Dublin - Grafton St,120,twelve,0,0,0,15.00,0
00111,Darragh Keane,Cork - Patrick St,160,0,0,0,0,15.20,0
00112,Méabh Quinn,Dublin - Grafton St,160,160,0,8,0,€15.90,(25.00)
00113,Cian Farrell,Galway - Shop St,160,160,0,0,0,15.40,0,100
00114,Orla Dunne,,120,120,0,0,0,15.00,0
00115,Tadhg McCarthy,Cork - Patrick St,160,168,8,0,0,16.00,
00116,Éabha Clarke,Dublin - Grafton St,160,150,160,0,0,15.60,0
00117,Conor Hughes,Dublin - Grafton St,160,164,4,0,0,15.80,0
00118,Emma Fitzgerald,Cork - Patrick St,120,120,0,4,0,15.10,20
00119,Seamus O'Neill,Galway - Shop St,160,160,0,0,24,15.50,0
00120,Clodagh Burke,Galway - Shop St,100,106,6,0,0,15.20,0
00121,Oisín Kavanagh,Dublin - Grafton St,160,168,8,0,0,16.40,100
00122,Sinéad Power,Cork - Patrick St,160,152,0,8,0,15.30,0
00123,Liam Brady,Galway - Shop St,80,80,0,0,0,14.90,0
00124,Ailbhe Moran,Dublin - Grafton St,160,160,0,0,0,15.80,0
,,,,,,,,,
,,Total,3440,3574,272,12,48,,145
